ntdll.dll,kernel32.dll,kernelbase.dll,apphelp.dll,advapi32.dll,msvcrt.dll,sechost.dll,rpcrt4.dll,crypt32.dll,ucrtbase.dll,msasn1.dll,shlwapi.dll,combase.dll,bcryptprimitives.dll,gdi32.dll,gdi32full.dll,msvcp_win.dll,user32.dll,win32u.dll,shell32.dll,cfgmgr32.dll,shcore.dll,windows.storage.dll,kernel.appcore.dll,powrprof.dll,profapi.dll,cryptdll.dll,samlib.dll,secur32.dll,cryptsp.dll,cryptbase.dll,sspicli.dll,imm32.dll,rsaenh.dll,bcrypt.dll,ncrypt.dll,ntasn1.dll,wlanapi.dll,vaultcli.dll,wintypes.dll
ntdll.dll,kernel32.dll,kernelbase.dll,advapi32.dll,msvcrt.dll,sechost.dll,rpcrt4.dll,crypt32.dll,msasn1.dll,cryptdll.dll,logoncli.dll,shlwapi.dll,gdi32.dll,user32.dll,lpk.dll,usp10.dll,samlib.dll,secur32.dll,sspicli.dll,shell32.dll,setupapi.dll,cfgmgr32.dll,oleaut32.dll,ole32.dll,devobj.dll,imm32.dll,msctf.dll,rsaenh.dll,ncrypt.dll,bcrypt.dll,vaultcli.dll,netapi32.dll,netutils.dll,srvcli.dll,wkscli.dll,wintrust.dll,hid.dll
ntdll.dll,kernel32.dll,kernelbase.dll,advapi32.dll,msvcrt.dll,sechost.dll,rpcrt4.dll,crypt32.dll,msasn1.dll,cryptdll.dll,netapi32.dll,netutils.dll,srvcli.dll,wkscli.dll,logoncli.dll,ole32.dll,gdi32.dll,user32.dll,lpk.dll,usp10.dll,oleaut32.dll,shlwapi.dll,samlib.dll,secur32.dll,sspicli.dll,shell32.dll,userenv.dll,profapi.dll,version.dll,hid.dll,setupapi.dll,cfgmgr32.dll,devobj.dll,winsta.dll,wldap32.dll,imm32.dll,msctf.dll,cryptbase.dll,rsaenh.dll,vaultcli.dll,winscard.dll,wintrust.dll
ntdll.dll,kernel32.dll,kernelbase.dll,apphelp.dll,advapi32.dll,crypt32.dll,cryptdll.dll,ntdsapi.dll,shlwapi.dll,samlib.dll,secur32.dll,shell32.dll,user32.dll,msvcrt.dll,sechost.dll,rpcrt4.dll,msasn1.dll,ws2_32.dll,combase.dll,gdi32.dll,nsi.dll,cryptsp.dll,cryptbase.dll,bcryptprimitives.dll,sspicli.dll,imm32.dll,msctf.dll,rsaenh.dll,bcrypt.dll,ncrypt.dll,ntasn1.dll,wlanapi.dll,vaultcli.dll
ntdll.dll,kernel32.dll,kernelbase.dll,apphelp.dll,advapi32.dll,msvcrt.dll,sechost.dll,rpcrt4.dll,crypt32.dll,ucrtbase.dll,msasn1.dll,ole32.dll,netapi32.dll,cryptdll.dll,combase.dll,bcryptprimitives.dll,gdi32.dll,gdi32full.dll,user32.dll,win32u.dll,oleaut32.dll,msvcp_win.dll,shlwapi.dll,shell32.dll,samlib.dll,secur32.dll,cfgmgr32.dll,windows.storage.dll,powrprof.dll,kernel.appcore.dll,shcore.dll,profapi.dll,userenv.dll,version.dll,hid.dll,setupapi.dll,winscard.dll,wldap32.dll,winsta.dll,devobj.dll,cryptsp.dll,cryptbase.dll,logoncli.dll,srvcli.dll,bcrypt.dll,sspicli.dll,netutils.dll,imm32.dll,wkscli.dll,rsaenh.dll,vaultcli.dll,wintypes.dll,wintrust.dll
ntdll.dll,kernel32.dll,kernelbase.dll,advapi32.dll,msvcrt.dll,sechost.dll,rpcrt4.dll,crypt32.dll,msasn1.dll,cryptdll.dll,netutils.dll,netapi32.dll,srvcli.dll,wkscli.dll,ntdsapi.dll,ws2_32.dll,nsi.dll,shlwapi.dll,gdi32.dll,user32.dll,lpk.dll,usp10.dll,samlib.dll,secur32.dll,sspicli.dll,shell32.dll,setupapi.dll,cfgmgr32.dll,oleaut32.dll,ole32.dll,devobj.dll,imm32.dll,msctf.dll,rsaenh.dll,ncrypt.dll,bcrypt.dll,logoncli.dll,vaultcli.dll,wintrust.dll,hid.dll
ntdll.dll,kernel32.dll,kernelbase.dll,advapi32.dll,msvcrt.dll,sechost.dll,rpcrt4.dll,crypt32.dll,msasn1.dll,cryptdll.dll,logoncli.dll,ntdsapi.dll,ws2_32.dll,nsi.dll,shlwapi.dll,gdi32.dll,user32.dll,lpk.dll,usp10.dll,secur32.dll,sspicli.dll,shell32.dll,oleaut32.dll,ole32.dll,imm32.dll,msctf.dll,rsaenh.dll,ncrypt.dll,bcrypt.dll,vaultcli.dll,netapi32.dll,netutils.dll,srvcli.dll,wkscli.dll,samlib.dll,hid.dll,setupapi.dll,cfgmgr32.dll,devobj.dll,wintrust.dll
ntdll.dll,kernel32.dll,kernelbase.dll,apphelp.dll,advapi32.dll,msvcrt.dll,sechost.dll,rpcrt4.dll,crypt32.dll,ucrtbase.dll,msasn1.dll,shlwapi.dll,netapi32.dll,cryptdll.dll,combase.dll,ntdsapi.dll,bcryptprimitives.dll,ws2_32.dll,gdi32.dll,gdi32full.dll,user32.dll,win32u.dll,shell32.dll,secur32.dll,cfgmgr32.dll,windows.storage.dll,powrprof.dll,kernel.appcore.dll,shcore.dll,profapi.dll,setupapi.dll,hid.dll,cryptsp.dll,cryptbase.dll,logoncli.dll,netutils.dll,sspicli.dll,imm32.dll,samlib.dll,rsaenh.dll,bcrypt.dll,ncrypt.dll,ntasn1.dll,vaultcli.dll,wintypes.dll,devobj.dll,wintrust.dll
ntdll.dll,kernel32.dll,kernelbase.dll,apphelp.dll,advapi32.dll,crypt32.dll,cryptdll.dll,netapi32.dll,rpcrt4.dll,shlwapi.dll,samlib.dll,secur32.dll,shell32.dll,user32.dll,hid.dll,setupapi.dll,msvcrt.dll,sechost.dll,msasn1.dll,netutils.dll,srvcli.dll,wkscli.dll,combase.dll,gdi32.dll,cfgmgr32.dll,cryptsp.dll,cryptbase.dll,bcryptprimitives.dll,logoncli.dll,sspicli.dll,imm32.dll,msctf.dll,rsaenh.dll,bcrypt.dll,vaultcli.dll,devobj.dll,wintrust.dll,ntdsapi.dll,ws2_32.dll,nsi.dll,ncrypt.dll,ntasn1.dll
ntdll.dll,kernel32.dll,kernelbase.dll,advapi32.dll,msvcrt.dll,sechost.dll,rpcrt4.dll,crypt32.dll,msasn1.dll,shlwapi.dll,gdi32.dll,user32.dll,lpk.dll,usp10.dll,secur32.dll,sspicli.dll,shell32.dll,imm32.dll,msctf.dll,rsaenh.dll,bcrypt.dll,cryptdll.dll,samlib.dll,ncrypt.dll,wlanapi.dll,wlanutil.dll,vaultcli.dll
ntdll.dll,kernel32.dll,kernelbase.dll,advapi32.dll,crypt32.dll,ole32.dll,oleaut32.dll,rpcrt4.dll,shlwapi.dll,shell32.dll,user32.dll,userenv.dll,version.dll,setupapi.dll,winsta.dll,msasn1.dll,msvcrt.dll,sechost.dll,combase.dll,gdi32.dll,profapi.dll,cfgmgr32.dll,devobj.dll,cryptsp.dll,cryptbase.dll,bcryptprimitives.dll,sspicli.dll,imm32.dll,msctf.dll,kernel.appcore.dll,rsaenh.dll,bcrypt.dll,wintrust.dll,apphelp.dll,cryptdll.dll,netapi32.dll,samlib.dll,secur32.dll,hid.dll,winscard.dll,wldap32.dll,netutils.dll,srvcli.dll,wkscli.dll,logoncli.dll,vaultcli.dll
ntdll.dll,kernel32.dll,kernelbase.dll,advapi32.dll,msvcrt.dll,sechost.dll,rpcrt4.dll,crypt32.dll,msasn1.dll,ntdsapi.dll,ws2_32.dll,nsi.dll,shlwapi.dll,gdi32.dll,user32.dll,lpk.dll,usp10.dll,cryptdll.dll,secur32.dll,sspicli.dll,shell32.dll,imm32.dll,msctf.dll,samlib.dll,rsaenh.dll,bcrypt.dll,ncrypt.dll,wlanapi.dll,wlanutil.dll,vaultcli.dll
ntdll.dll,kernel32.dll,kernelbase.dll,advapi32.dll,msvcrt.dll,sechost.dll,rpcrt4.dll,crypt32.dll,msasn1.dll,cryptdll.dll,netapi32.dll,netutils.dll,srvcli.dll,wkscli.dll,logoncli.dll,ole32.dll,gdi32.dll,user32.dll,lpk.dll,usp10.dll,oleaut32.dll,shlwapi.dll,samlib.dll,secur32.dll,sspicli.dll,shell32.dll,userenv.dll,profapi.dll,version.dll,hid.dll,setupapi.dll,cfgmgr32.dll,devobj.dll,imm32.dll,msctf.dll,cryptbase.dll,rsaenh.dll,vaultcli.dll,wintrust.dll,winscard.dll,winsta.dll,wldap32.dll
ntdll.dll,kernel32.dll,kernelbase.dll,apphelp.dll,advapi32.dll,msvcrt.dll,sechost.dll,rpcrt4.dll,crypt32.dll,ucrtbase.dll,msasn1.dll,ole32.dll,combase.dll,bcryptprimitives.dll,gdi32.dll,gdi32full.dll,user32.dll,win32u.dll,oleaut32.dll,msvcp_win.dll,shlwapi.dll,shell32.dll,cfgmgr32.dll,windows.storage.dll,powrprof.dll,kernel.appcore.dll,shcore.dll,profapi.dll,setupapi.dll,wldap32.dll,cryptdll.dll,netapi32.dll,samlib.dll,secur32.dll,userenv.dll,version.dll,hid.dll,winsta.dll,devobj.dll,cryptsp.dll,cryptbase.dll,logoncli.dll,netutils.dll,srvcli.dll,wkscli.dll,bcrypt.dll,sspicli.dll,imm32.dll,rsaenh.dll,vaultcli.dll,wintypes.dll,wintrust.dll,winscard.dll
ntdll.dll,kernel32.dll,kernelbase.dll,apphelp.dll,advapi32.dll,msvcrt.dll,sechost.dll,rpcrt4.dll,crypt32.dll,ucrtbase.dll,msasn1.dll,ole32.dll,combase.dll,bcryptprimitives.dll,gdi32.dll,gdi32full.dll,msvcp_win.dll,user32.dll,win32u.dll,oleaut32.dll,shlwapi.dll,shell32.dll,cfgmgr32.dll,shcore.dll,windows.storage.dll,kernel.appcore.dll,powrprof.dll,profapi.dll,setupapi.dll,wldap32.dll,cryptdll.dll,netapi32.dll,samlib.dll,secur32.dll,userenv.dll,version.dll,hid.dll,winscard.dll,winsta.dll,devobj.dll,cryptsp.dll,cryptbase.dll,logoncli.dll,netutils.dll,srvcli.dll,wkscli.dll,bcrypt.dll,sspicli.dll,imm32.dll,rsaenh.dll,vaultcli.dll,wintypes.dll,wintrust.dll
ntdll.dll,kernel32.dll,kernelbase.dll,apphelp.dll,advapi32.dll,crypt32.dll,cryptdll.dll,netapi32.dll,rpcrt4.dll,shlwapi.dll,samlib.dll,secur32.dll,shell32.dll,user32.dll,hid.dll,setupapi.dll,msvcrt.dll,sechost.dll,msasn1.dll,netutils.dll,srvcli.dll,wkscli.dll,combase.dll,gdi32.dll,cfgmgr32.dll,cryptsp.dll,cryptbase.dll,bcryptprimitives.dll,sspicli.dll,imm32.dll,msctf.dll,rsaenh.dll,bcrypt.dll,ncrypt.dll,ntasn1.dll,vaultcli.dll,devobj.dll,wintrust.dll,logoncli.dll
ntdll.dll,kernel32.dll,kernelbase.dll,advapi32.dll,msvcrt.dll,sechost.dll,rpcrt4.dll,crypt32.dll,msasn1.dll,cryptdll.dll,netapi32.dll,netutils.dll,srvcli.dll,wkscli.dll,logoncli.dll,ole32.dll,gdi32.dll,user32.dll,lpk.dll,usp10.dll,oleaut32.dll,shlwapi.dll,samlib.dll,secur32.dll,sspicli.dll,shell32.dll,userenv.dll,profapi.dll,version.dll,hid.dll,setupapi.dll,cfgmgr32.dll,devobj.dll,winscard.dll,winsta.dll,wldap32.dll,imm32.dll,msctf.dll,cryptbase.dll,rsaenh.dll,vaultcli.dll,wintrust.dll
ntdll.dll,kernel32.dll,kernelbase.dll,apphelp.dll,advapi32.dll,msvcrt.dll,sechost.dll,rpcrt4.dll,crypt32.dll,ucrtbase.dll,msasn1.dll,shlwapi.dll,combase.dll,bcryptprimitives.dll,gdi32.dll,gdi32full.dll,user32.dll,win32u.dll,shell32.dll,cfgmgr32.dll,windows.storage.dll,powrprof.dll,kernel.appcore.dll,shcore.dll,profapi.dll,cryptdll.dll,setupapi.dll,netapi32.dll,ntdsapi.dll,ws2_32.dll,samlib.dll,secur32.dll,cryptsp.dll,cryptbase.dll,logoncli.dll,netutils.dll,sspicli.dll,imm32.dll,rsaenh.dll,bcrypt.dll,ncrypt.dll,ntasn1.dll,vaultcli.dll,wintypes.dll,devobj.dll,wintrust.dll,hid.dll
ntdll.dll,kernel32.dll,kernelbase.dll,apphelp.dll,advapi32.dll,msvcrt.dll,sechost.dll,rpcrt4.dll,crypt32.dll,ucrtbase.dll,msasn1.dll,shlwapi.dll,cryptdll.dll,combase.dll,bcryptprimitives.dll,ntdsapi.dll,gdi32.dll,ws2_32.dll,gdi32full.dll,user32.dll,win32u.dll,shell32.dll,secur32.dll,cfgmgr32.dll,windows.storage.dll,powrprof.dll,kernel.appcore.dll,shcore.dll,profapi.dll,cryptsp.dll,cryptbase.dll,sspicli.dll,imm32.dll,rsaenh.dll,bcrypt.dll,ncrypt.dll,ntasn1.dll,samlib.dll,wintypes.dll,vaultcli.dll
ntdll.dll,kernel32.dll,kernelbase.dll,advapi32.dll,crypt32.dll,cryptdll.dll,netapi32.dll,ole32.dll,oleaut32.dll,rpcrt4.dll,shlwapi.dll,samlib.dll,secur32.dll,shell32.dll,user32.dll,userenv.dll,version.dll,hid.dll,setupapi.dll,winscard.dll,winsta.dll,wldap32.dll,msasn1.dll,msvcrt.dll,sechost.dll,netutils.dll,srvcli.dll,wkscli.dll,combase.dll,gdi32.dll,sspicli.dll,profapi.dll,cfgmgr32.dll,devobj.dll,cryptsp.dll,cryptbase.dll,bcryptprimitives.dll,logoncli.dll,imm32.dll,msctf.dll,kernel.appcore.dll,rsaenh.dll,bcrypt.dll,vaultcli.dll,wintrust.dll
ntdll.dll,kernel32.dll,kernelbase.dll,advapi32.dll,crypt32.dll,shlwapi.dll,secur32.dll,shell32.dll,user32.dll,msvcrt.dll,sechost.dll,rpcrt4.dll,msasn1.dll,combase.dll,gdi32.dll,cryptsp.dll,cryptbase.dll,bcryptprimitives.dll,sspicli.dll,imm32.dll,msctf.dll,rsaenh.dll,bcrypt.dll,apphelp.dll,cryptdll.dll,samlib.dll,ncrypt.dll,ntasn1.dll,wlanapi.dll,vaultcli.dll
ntdll.dll,kernel32.dll,kernelbase.dll,apphelp.dll,advapi32.dll,msvcrt.dll,sechost.dll,rpcrt4.dll,crypt32.dll,ucrtbase.dll,msasn1.dll,shlwapi.dll,combase.dll,ws2_32.dll,bcryptprimitives.dll,gdi32.dll,gdi32full.dll,user32.dll,win32u.dll,cryptdll.dll,shell32.dll,cfgmgr32.dll,secur32.dll,samlib.dll,windows.storage.dll,powrprof.dll,kernel.appcore.dll,shcore.dll,ntdsapi.dll,profapi.dll,cryptsp.dll,cryptbase.dll,sspicli.dll,imm32.dll,rsaenh.dll,bcrypt.dll,ncrypt.dll,ntasn1.dll,vaultcli.dll,wintypes.dll,wlanapi.dll
ntdll.dll,kernel32.dll,kernelbase.dll,advapi32.dll,crypt32.dll,cryptdll.dll,netapi32.dll,ntdsapi.dll,rpcrt4.dll,shlwapi.dll,samlib.dll,secur32.dll,shell32.dll,user32.dll,setupapi.dll,msvcrt.dll,sechost.dll,msasn1.dll,netutils.dll,srvcli.dll,wkscli.dll,sspicli.dll,combase.dll,gdi32.dll,hid.dll,cryptsp.dll,cryptbase.dll,bcryptprimitives.dll,logoncli.dll,ws2_32.dll,imm32.dll,msctf.dll,cfgmgr32.dll,nsi.dll,ncrypt.dll,ntasn1.dll,vaultcli.dll,devobj.dll,wintrust.dll,rsaenh.dll,bcrypt.dll
ntdll.dll,kernel32.dll,kernelbase.dll,apphelp.dll,advapi32.dll,crypt32.dll,cryptdll.dll,netapi32.dll,ole32.dll,oleaut32.dll,rpcrt4.dll,shlwapi.dll,samlib.dll,secur32.dll,shell32.dll,user32.dll,userenv.dll,version.dll,hid.dll,setupapi.dll,winscard.dll,winsta.dll,wldap32.dll,msasn1.dll,msvcrt.dll,sechost.dll,netutils.dll,srvcli.dll,wkscli.dll,combase.dll,gdi32.dll,profapi.dll,cfgmgr32.dll,devobj.dll,cryptsp.dll,cryptbase.dll,bcryptprimitives.dll,logoncli.dll,sspicli.dll,imm32.dll,msctf.dll,kernel.appcore.dll,rsaenh.dll,bcrypt.dll,vaultcli.dll,wintrust.dll
ntdll.dll,kernel32.dll,kernelbase.dll,apphelp.dll,advapi32.dll,msvcrt.dll,sechost.dll,rpcrt4.dll,crypt32.dll,ucrtbase.dll,msasn1.dll,shlwapi.dll,combase.dll,bcryptprimitives.dll,gdi32.dll,gdi32full.dll,msvcp_win.dll,user32.dll,win32u.dll,shell32.dll,cfgmgr32.dll,shcore.dll,windows.storage.dll,kernel.appcore.dll,powrprof.dll,profapi.dll,setupapi.dll,cryptdll.dll,netapi32.dll,samlib.dll,secur32.dll,cryptsp.dll,cryptbase.dll,hid.dll,logoncli.dll,netutils.dll,sspicli.dll,imm32.dll,rsaenh.dll,bcrypt.dll,ncrypt.dll,ntasn1.dll,vaultcli.dll,wintypes.dll,devobj.dll,wintrust.dll
ntdll.dll,kernel32.dll,kernelbase.dll,advapi32.dll,msvcrt.dll,sechost.dll,rpcrt4.dll,cryptdll.dll,ntdsapi.dll,shlwapi.dll,gdi32.dll,user32.dll,lpk.dll,usp10.dll,samlib.dll,shell32.dll,imm32.dll,msctf.dll,crypt32.dll,msasn1.dll,ws2_32.dll,nsi.dll,secur32.dll,sspicli.dll,rsaenh.dll,ncrypt.dll,bcrypt.dll,vaultcli.dll
ntdll.dll,kernel32.dll,kernelbase.dll,advapi32.dll,crypt32.dll,ntdsapi.dll,shlwapi.dll,samlib.dll,secur32.dll,shell32.dll,user32.dll,msvcrt.dll,sechost.dll,rpcrt4.dll,msasn1.dll,ws2_32.dll,combase.dll,gdi32.dll,sspicli.dll,nsi.dll,cryptsp.dll,cryptbase.dll,bcryptprimitives.dll,imm32.dll,msctf.dll,rsaenh.dll,bcrypt.dll,ncrypt.dll,ntasn1.dll,cryptdll.dll,vaultcli.dll